<?xml version="1.0" encoding="UTF-8"?>
<project-private xmlns="http://www.netbeans.org/ns/project-private/1">
    <editor-bookmarks xmlns="http://www.netbeans.org/ns/editor-bookmarks/2" lastBookmarkId="0"/>
    <open-files xmlns="http://www.netbeans.org/ns/projectui-open-files/2">
        <group>
            <file>file:/D:/Semester%206/SDA/Project/Hostel_System_2/src/Login.java</file>
            <file>file:/D:/Semester%206/SDA/Project/Hostel_System_2/src/ManageCustomer.java</file>
            <file>file:/D:/Semester%206/SDA/Project/Hostel_System_2/src/LoginManager.java</file>
            <file>file:/D:/Semester%206/SDA/Project/Hostel_System_2/src/Project/ConnectionProvider.java</file>
            <file>file:/D:/Semester%206/SDA/Project/Hostel_System_2/src/Users.java</file>
            <file>file:/D:/Semester%206/SDA/Project/Hostel_System_2/src/ManageMess.java</file>
            <file>file:/D:/Semester%206/SDA/Project/Hostel_System_2/src/home.java</file>
            <file>file:/D:/Semester%206/SDA/Project/Hostel_System_2/src/ManageRoom.java</file>
            <file>file:/D:/Semester%206/SDA/Project/Hostel_System_2/src/GenerateFeeReport.java</file>
            <file>file:/D:/Semester%206/SDA/Project/Hostel_System_2/src/ViewCustomrDetails.java</file>
            <file>file:/D:/Semester%206/SDA/Project/Hostel_System_2/src/hostel_system/Hostel_System.java</file>
        </group>
    </open-files>
</project-private>
